Timestamp,Accelerometer Value
2024-11-03 15:59:21.347,1.433594
2024-11-03 15:59:21.356,-1.4248079
2024-11-03 15:59:21.367,-5.482513
2024-11-03 15:59:21.377,-6.043784
2024-11-03 15:59:21.386,-7.91006
2024-11-03 15:59:21.399,-7.2079587
2024-11-03 15:59:21.407,-6.9821653
2024-11-03 15:59:21.417,-5.1065035
2024-11-03 15:59:21.427,-4.9949164
2024-11-03 15:59:21.437,-1.8251808
2024-11-03 15:59:21.450,-3.3850017
2024-11-03 15:59:21.458,-3.5008154
2024-11-03 15:59:21.467,-2.479116
2024-11-03 15:59:21.480,-1.0974784
2024-11-03 15:59:21.487,-0.21771134
2024-11-03 15:59:21.497,-0.21604629
2024-11-03 15:59:21.507,-0.33516467
2024-11-03 15:59:21.518,-0.33591443
2024-11-03 15:59:21.527,-0.7662939
2024-11-03 15:59:21.537,-0.95625484
2024-11-03 15:59:21.547,-1.1168886
2024-11-03 15:59:21.557,-0.71019953
2024-11-03 15:59:21.568,-0.27548823
2024-11-03 15:59:21.577,0.105297506
2024-11-03 15:59:21.587,-0.21831255
2024-11-03 15:59:21.597,-0.4157916
2024-11-03 15:59:21.607,-0.5047012
2024-11-03 15:59:21.619,-0.78297365
2024-11-03 15:59:21.628,-1.8051451
2024-11-03 15:59:21.639,-3.060659
2024-11-03 15:59:21.647,-4.0975585
2024-11-03 15:59:21.657,-5.62009
2024-11-03 15:59:21.668,-7.3620715
2024-11-03 15:59:21.678,-8.833746
2024-11-03 15:59:21.687,-1.4625378
2024-11-03 15:59:21.697,-17.449009
2024-11-03 15:59:21.707,-11.458834
2024-11-03 15:59:21.718,-11.617084
2024-11-03 15:59:21.728,-7.3006186
2024-11-03 15:59:21.737,1.8370763
2024-11-03 15:59:21.748,7.256955
2024-11-03 15:59:21.758,10.509541
2024-11-03 15:59:21.768,13.864733
2024-11-03 15:59:21.779,46.884537
2024-11-03 15:59:21.788,16.983454
2024-11-03 15:59:21.800,6.035344
2024-11-03 15:59:21.807,8.138718
2024-11-03 15:59:21.818,8.511403
2024-11-03 15:59:21.828,9.578057
2024-11-03 15:59:21.838,7.453539
2024-11-03 15:59:21.848,5.7684956
2024-11-03 15:59:21.858,5.8493834
2024-11-03 15:59:21.869,2.8517156
2024-11-03 15:59:21.878,1.5205145
2024-11-03 15:59:21.888,-4.0568643
2024-11-03 15:59:21.898,-4.8089495
2024-11-03 15:59:21.908,-6.5050163
2024-11-03 15:59:21.919,-7.0183268
2024-11-03 15:59:21.928,-7.1557345
2024-11-03 15:59:21.939,-6.857089
2024-11-03 15:59:21.948,-5.7080517
2024-11-03 15:59:21.960,-4.792953
2024-11-03 15:59:21.968,-2.466934
2024-11-03 15:59:21.978,-0.71521485
2024-11-03 15:59:21.988,-2.7378867
2024-11-03 15:59:21.998,-0.9209031
2024-11-03 15:59:22.008,-1.2072884
2024-11-03 15:59:22.019,-1.3696221
2024-11-03 15:59:22.028,-0.82760453
2024-11-03 15:59:22.038,-0.07099507
2024-11-03 15:59:22.048,0.14503838
2024-11-03 15:59:22.058,0.41255537
2024-11-03 15:59:22.069,0.4221693
2024-11-03 15:59:22.079,0.22133845
2024-11-03 15:59:22.088,-0.24317826
2024-11-03 15:59:22.099,-0.35619104
2024-11-03 15:59:22.108,-0.13349366
2024-11-03 15:59:22.121,-0.019977521
2024-11-03 15:59:22.129,-0.498462
2024-11-03 15:59:22.138,-1.270608
2024-11-03 15:59:22.148,-2.0584657
2024-11-03 15:59:22.159,-3.3722284
2024-11-03 15:59:22.169,-4.952268
2024-11-03 15:59:22.179,-6.342417
2024-11-03 15:59:22.189,-8.046015
2024-11-03 15:59:22.198,-7.084578
2024-11-03 15:59:22.209,-1.989446
2024-11-03 15:59:22.219,-16.330364
2024-11-03 15:59:22.229,-7.4297495
2024-11-03 15:59:22.238,-12.017468
2024-11-03 15:59:22.249,-5.6119795
2024-11-03 15:59:22.259,-0.649278
2024-11-03 15:59:22.268,5.801896
2024-11-03 15:59:22.282,9.715141
2024-11-03 15:59:22.288,12.610851
2024-11-03 15:59:22.298,17.131182
2024-11-03 15:59:22.308,17.127447
2024-11-03 15:59:22.319,36.21327
2024-11-03 15:59:22.332,10.05227
2024-11-03 15:59:22.338,5.2098784
2024-11-03 15:59:22.349,7.638899
2024-11-03 15:59:22.358,10.19868
2024-11-03 15:59:22.369,9.985516
2024-11-03 15:59:22.379,7.580008
2024-11-03 15:59:22.389,6.780362
2024-11-03 15:59:22.399,5.581727
2024-11-03 15:59:22.409,3.2705193
2024-11-03 15:59:22.421,0.3520697
2024-11-03 15:59:22.429,-4.5208197
2024-11-03 15:59:22.442,-6.9836097
2024-11-03 15:59:22.449,-8.346294
2024-11-03 15:59:22.459,-8.069334
2024-11-03 15:59:22.469,-7.396887
2024-11-03 15:59:22.480,-6.0069127
2024-11-03 15:59:22.489,-4.492483
2024-11-03 15:59:22.499,-0.7728856
2024-11-03 15:59:22.509,-2.129835
2024-11-03 15:59:22.520,-3.8392048
2024-11-03 15:59:22.529,-3.25932
2024-11-03 15:59:22.540,-2.5386813
2024-11-03 15:59:22.549,-1.6076865
2024-11-03 15:59:22.559,-0.18296878
2024-11-03 15:59:22.570,0.37104368
2024-11-03 15:59:22.581,0.3650142
2024-11-03 15:59:22.590,0.094032176
2024-11-03 15:59:22.601,-0.23762268
2024-11-03 15:59:22.610,-0.6826315
2024-11-03 15:59:22.620,-0.3692255
2024-11-03 15:59:22.630,0.074590564
2024-11-03 15:59:22.640,0.31129962
2024-11-03 15:59:22.650,0.3579606
2024-11-03 15:59:22.660,0.11122463
2024-11-03 15:59:22.670,-0.525062
2024-11-03 15:59:22.680,-1.5404683
2024-11-03 15:59:22.690,-2.6816723
2024-11-03 15:59:22.700,-3.9188037
2024-11-03 15:59:22.710,-5.432119
2024-11-03 15:59:22.720,-7.915219
2024-11-03 15:59:22.730,-10.38457
2024-11-03 15:59:22.741,-5.390804
2024-11-03 15:59:22.750,-7.2750254
2024-11-03 15:59:22.762,-18.228098
2024-11-03 15:59:22.771,-9.013648
2024-11-03 15:59:22.780,-9.365332
2024-11-03 15:59:22.792,0.4332792
2024-11-03 15:59:22.800,7.6379952
2024-11-03 15:59:22.811,6.751373
2024-11-03 15:59:22.820,12.026144
2024-11-03 15:59:22.830,18.252193
2024-11-03 15:59:22.840,40.253532
2024-11-03 15:59:22.850,10.062908
2024-11-03 15:59:22.862,3.138513
2024-11-03 15:59:22.871,6.782353
2024-11-03 15:59:22.881,10.007325
2024-11-03 15:59:22.889,10.678852
2024-11-03 15:59:22.900,8.415303
2024-11-03 15:59:22.910,7.453721
2024-11-03 15:59:22.922,5.5900064
2024-11-03 15:59:22.929,2.9524138
2024-11-03 15:59:22.939,2.3014412
2024-11-03 15:59:22.950,-4.418498
2024-11-03 15:59:22.960,-6.621418
2024-11-03 15:59:22.971,-7.336377
2024-11-03 15:59:22.980,-6.999752
2024-11-03 15:59:22.990,-6.6741457
2024-11-03 15:59:23.000,-5.047612
2024-11-03 15:59:23.010,-3.6767724
2024-11-03 15:59:23.020,-2.8214383
2024-11-03 15:59:23.030,-0.3050945
2024-11-03 15:59:23.041,-3.434682
2024-11-03 15:59:23.051,-3.707561
2024-11-03 15:59:23.061,-3.2658374
2024-11-03 15:59:23.071,-3.262886
2024-11-03 15:59:23.083,-1.9746388
2024-11-03 15:59:23.090,-0.8208812
2024-11-03 15:59:23.100,0.27095848
2024-11-03 15:59:23.111,0.38261282
2024-11-03 15:59:23.121,0.03779207
2024-11-03 15:59:23.131,-0.35766977
2024-11-03 15:59:23.140,-1.0102006
2024-11-03 15:59:23.150,-1.1947353
2024-11-03 15:59:23.161,-0.5780335
2024-11-03 15:59:23.171,0.14714296
2024-11-03 15:59:23.181,0.7186541
2024-11-03 15:59:23.191,0.6996606
2024-11-03 15:59:23.201,0.44875777
2024-11-03 15:59:23.211,0.06031085
2024-11-03 15:59:23.222,-0.44383487
2024-11-03 15:59:23.231,-1.1308203
2024-11-03 15:59:23.243,-1.9037668
2024-11-03 15:59:23.251,-2.4962866
2024-11-03 15:59:23.261,-3.145657
2024-11-03 15:59:23.272,-4.315897
2024-11-03 15:59:23.282,-6.3071604
2024-11-03 15:59:23.291,-8.10428
2024-11-03 15:59:23.301,-5.747922
2024-11-03 15:59:23.311,-5.559141
2024-11-03 15:59:23.322,-18.146826
2024-11-03 15:59:23.331,-10.728152
2024-11-03 15:59:23.341,-11.974108
2024-11-03 15:59:23.352,-1.4325147
2024-11-03 15:59:23.361,6.488671
2024-11-03 15:59:23.372,8.381246
2024-11-03 15:59:23.383,12.256258
2024-11-03 15:59:23.391,15.548429
2024-11-03 15:59:23.404,32.280636
2024-11-03 15:59:23.412,15.679983
2024-11-03 15:59:23.422,8.37948
2024-11-03 15:59:23.431,6.25055
2024-11-03 15:59:23.444,9.679614
2024-11-03 15:59:23.451,11.055895
2024-11-03 15:59:23.461,7.948364
2024-11-03 15:59:23.472,6.74255
2024-11-03 15:59:23.482,6.2487674
2024-11-03 15:59:23.492,2.6075928
2024-11-03 15:59:23.501,1.4317328
2024-11-03 15:59:23.511,-4.0288525
2024-11-03 15:59:23.522,-5.024713
2024-11-03 15:59:23.532,-6.858465
2024-11-03 15:59:23.542,-7.1724243
2024-11-03 15:59:23.551,-6.7853513
2024-11-03 15:59:23.564,-6.2320595
2024-11-03 15:59:23.573,-5.359659
2024-11-03 15:59:23.582,-4.0687723
2024-11-03 15:59:23.594,-0.8103665
2024-11-03 15:59:23.602,-2.572177
2024-11-03 15:59:23.612,-1.5588806
2024-11-03 15:59:23.622,-0.6735542
2024-11-03 15:59:23.632,-0.60097545
2024-11-03 15:59:23.642,-1.1306773
2024-11-03 15:59:23.652,-1.2657797
2024-11-03 15:59:23.662,-1.7083662
2024-11-03 15:59:23.672,-1.215167
2024-11-03 15:59:23.683,-0.31909052
2024-11-03 15:59:23.692,0.48735934
2024-11-03 15:59:23.703,0.5090169
2024-11-03 15:59:23.712,0.23432308
2024-11-03 15:59:23.725,-0.2986436
2024-11-03 15:59:23.732,-0.8378575
2024-11-03 15:59:23.742,-1.2977486
2024-11-03 15:59:23.752,-1.4693884
2024-11-03 15:59:23.762,-1.336093
2024-11-03 15:59:23.772,-1.1305863
2024-11-03 15:59:23.783,-1.3762102
2024-11-03 15:59:23.793,-2.4406455
2024-11-03 15:59:23.803,-3.6854053
2024-11-03 15:59:23.812,-4.975448
2024-11-03 15:59:23.823,-7.6653132
2024-11-03 15:59:23.832,-8.224255
2024-11-03 15:59:23.842,-0.6956231
2024-11-03 15:59:23.852,-0.69945467
2024-11-03 15:59:23.864,-13.751224
2024-11-03 15:59:23.873,-10.975949
2024-11-03 15:59:23.885,-12.956964
2024-11-03 15:59:23.893,-8.375848
2024-11-03 15:59:23.902,1.6294549
2024-11-03 15:59:23.913,7.0988426
2024-11-03 15:59:23.923,8.224554
2024-11-03 15:59:23.932,11.830481
2024-11-03 15:59:23.943,17.963634
2024-11-03 15:59:23.952,37.801723
2024-11-03 15:59:23.963,8.57043
2024-11-03 15:59:23.974,3.272144
2024-11-03 15:59:23.984,7.2298937
2024-11-03 15:59:23.995,10.426597
2024-11-03 15:59:24.003,10.287525
2024-11-03 15:59:24.013,8.367161
2024-11-03 15:59:24.024,7.3932147
2024-11-03 15:59:24.032,5.722762
2024-11-03 15:59:24.045,3.4376364
2024-11-03 15:59:24.053,0.4222471
2024-11-03 15:59:24.063,-3.2143812
2024-11-03 15:59:24.074,-7.145927
2024-11-03 15:59:24.083,-8.283737
2024-11-03 15:59:24.093,-8.463909
2024-11-03 15:59:24.103,-8.136363
2024-11-03 15:59:24.113,-5.9686823
2024-11-03 15:59:24.124,-3.0756052
2024-11-03 15:59:24.133,0.580257
2024-11-03 15:59:24.143,-2.7460995
2024-11-03 15:59:24.153,-3.6052837
2024-11-03 15:59:24.163,-3.0187874
2024-11-03 15:59:24.174,-2.7400682
2024-11-03 15:59:24.185,-2.902627
2024-11-03 15:59:24.193,-2.0164764
2024-11-03 15:59:24.205,-0.9873365
2024-11-03 15:59:24.213,-0.16407262
2024-11-03 15:59:24.223,-0.275484
2024-11-03 15:59:24.233,-0.60117745
2024-11-03 15:59:24.243,-0.82173485
2024-11-03 15:59:24.253,-1.3960133
2024-11-03 15:59:24.263,-1.2513746
2024-11-03 15:59:24.273,-1.1070726
2024-11-03 15:59:24.284,-0.8790729
2024-11-03 15:59:24.293,-0.7149602
2024-11-03 15:59:24.303,-0.4809586
2024-11-03 15:59:24.313,-0.8158417
2024-11-03 15:59:24.323,-1.137639
2024-11-03 15:59:24.333,-1.7033159
2024-11-03 15:59:24.345,-2.778853
2024-11-03 15:59:24.353,-4.474907
2024-11-03 15:59:24.366,-4.7988677
2024-11-03 15:59:24.374,-2.4410934
2024-11-03 15:59:24.384,-6.841335
2024-11-03 15:59:24.394,-9.136934
2024-11-03 15:59:24.404,-8.811532
2024-11-03 15:59:24.413,-14.410352
2024-11-03 15:59:24.424,-8.6624775
2024-11-03 15:59:24.434,-1.5069739
2024-11-03 15:59:24.444,5.4810386
2024-11-03 15:59:24.454,7.4574556
2024-11-03 15:59:24.464,10.237775
2024-11-03 15:59:24.476,14.035704
2024-11-03 15:59:24.484,21.14881
2024-11-03 15:59:24.494,16.868351
2024-11-03 15:59:24.505,8.403454
2024-11-03 15:59:24.514,4.4350557
2024-11-03 15:59:24.527,8.171775
2024-11-03 15:59:24.534,9.481137
2024-11-03 15:59:24.544,7.328936
2024-11-03 15:59:24.554,6.460391
2024-11-03 15:59:24.564,6.1028695
2024-11-03 15:59:24.575,4.04438
2024-11-03 15:59:24.585,2.8914528
2024-11-03 15:59:24.594,-2.5503144
2024-11-03 15:59:24.604,-3.9185505
2024-11-03 15:59:24.614,-6.4872184
2024-11-03 15:59:24.626,-6.7126756
2024-11-03 15:59:24.634,-7.5159097
2024-11-03 15:59:24.644,-7.491214
2024-11-03 15:59:24.655,-7.483847
2024-11-03 15:59:24.666,-6.127228
2024-11-03 15:59:24.675,-4.6091914
2024-11-03 15:59:24.687,-2.7193875
2024-11-03 15:59:24.694,0.53780013
2024-11-03 15:59:24.707,-1.714498
2024-11-03 15:59:24.715,-1.1617553
2024-11-03 15:59:24.725,-0.862916
2024-11-03 15:59:24.735,-1.4427847
2024-11-03 15:59:24.745,-1.6859654
2024-11-03 15:59:24.755,-0.8614905
2024-11-03 15:59:24.765,-0.1947634
2024-11-03 15:59:24.775,0.31335258
2024-11-03 15:59:24.785,0.032588407
2024-11-03 15:59:24.795,-0.4149412
2024-11-03 15:59:24.805,-0.83479244
2024-11-03 15:59:24.815,-0.91216594
2024-11-03 15:59:24.826,-0.9730416
2024-11-03 15:59:24.835,-0.8287744
2024-11-03 15:59:24.846,-0.6621931
2024-11-03 15:59:24.855,-0.5406328
2024-11-03 15:59:24.865,-0.7525253
2024-11-03 15:59:24.875,-1.5800103
2024-11-03 15:59:24.886,-2.8247514
2024-11-03 15:59:24.895,-4.4349823
2024-11-03 15:59:24.905,-6.48661
2024-11-03 15:59:24.915,-9.233103
2024-11-03 15:59:24.925,-7.339856
2024-11-03 15:59:24.935,0.27713922
2024-11-03 15:59:24.945,-19.546324
2024-11-03 15:59:24.955,-10.176497
2024-11-03 15:59:24.965,-12.265003
2024-11-03 15:59:24.975,-3.549787
2024-11-03 15:59:24.987,4.523847
2024-11-03 15:59:24.995,7.5880327
2024-11-03 15:59:25.009,11.567481
2024-11-03 15:59:25.015,14.4501
2024-11-03 15:59:25.026,22.20315
2024-11-03 15:59:25.035,19.226034
2024-11-03 15:59:25.045,8.482869
2024-11-03 15:59:25.057,5.0469456
2024-11-03 15:59:25.066,9.282648
2024-11-03 15:59:25.076,11.198877
2024-11-03 15:59:25.086,7.866948
2024-11-03 15:59:25.095,6.425487
2024-11-03 15:59:25.106,6.262106
2024-11-03 15:59:25.115,3.4635186
2024-11-03 15:59:25.126,2.070116
2024-11-03 15:59:25.135,-3.8482435
2024-11-03 15:59:25.147,-5.6918244
2024-11-03 15:59:25.156,-7.480606
2024-11-03 15:59:25.167,-7.4050136
2024-11-03 15:59:25.176,-7.320763
2024-11-03 15:59:25.186,-6.371966
2024-11-03 15:59:25.196,-5.3893657
2024-11-03 15:59:25.207,-4.065984
2024-11-03 15:59:25.216,-0.24236931
2024-11-03 15:59:25.227,-2.128632
2024-11-03 15:59:25.236,-3.8078923
2024-11-03 15:59:25.246,-2.8858948
2024-11-03 15:59:25.256,-1.4227676
2024-11-03 15:59:25.266,-0.38223583
2024-11-03 15:59:25.276,0.18143457
2024-11-03 15:59:25.286,-0.0012434731
2024-11-03 15:59:25.296,0.14305106
2024-11-03 15:59:25.307,-0.20328179
2024-11-03 15:59:25.316,-0.72939414
2024-11-03 15:59:25.329,-1.1018039
2024-11-03 15:59:25.337,-0.8241964
2024-11-03 15:59:25.346,-0.18051903
2024-11-03 15:59:25.356,0.063077
2024-11-03 15:59:25.366,0.17450246
2024-11-03 15:59:25.377,-0.057351556
2024-11-03 15:59:25.387,-0.606026
2024-11-03 15:59:25.396,-1.2766821
2024-11-03 15:59:25.407,-2.052349
2024-11-03 15:59:25.416,-3.0861118
2024-11-03 15:59:25.427,-4.1006055
2024-11-03 15:59:25.436,-5.2329726
2024-11-03 15:59:25.446,-5.5274196
2024-11-03 15:59:25.457,-5.5291686
2024-11-03 15:59:25.468,-4.617574
2024-11-03 15:59:25.476,-6.028114
2024-11-03 15:59:25.489,-14.766832
2024-11-03 15:59:25.496,-9.397375
2024-11-03 15:59:25.507,-10.67963
2024-11-03 15:59:25.517,-4.7261214
2024-11-03 15:59:25.528,1.2413127
2024-11-03 15:59:25.537,6.8133616
2024-11-03 15:59:25.547,8.203323
2024-11-03 15:59:25.557,10.333542
2024-11-03 15:59:25.567,13.96583
2024-11-03 15:59:25.578,16.945713
2024-11-03 15:59:25.587,20.521856
2024-11-03 15:59:25.597,2.4582574
2024-11-03 15:59:25.607,7.16665
2024-11-03 15:59:25.617,10.335784
2024-11-03 15:59:25.628,9.414499
2024-11-03 15:59:25.637,7.460638
2024-11-03 15:59:25.650,6.785972
2024-11-03 15:59:25.657,5.014572
2024-11-03 15:59:25.667,2.2114587
2024-11-03 15:59:25.678,0.19351873
2024-11-03 15:59:25.689,-2.7406561
2024-11-03 15:59:25.697,-4.6644783
2024-11-03 15:59:25.707,-6.5456643
2024-11-03 15:59:25.717,-7.538664
2024-11-03 15:59:25.728,-7.823069
2024-11-03 15:59:25.737,-6.681214
2024-11-03 15:59:25.747,-4.808417
2024-11-03 15:59:25.757,-1.167294
2024-11-03 15:59:25.767,-4.58409
2024-11-03 15:59:25.779,-4.0000443
2024-11-03 15:59:25.789,-1.4977913
2024-11-03 15:59:25.797,-0.6424677
2024-11-03 15:59:25.809,-0.50937754
2024-11-03 15:59:25.817,-1.1474094
2024-11-03 15:59:25.828,-1.8641973
2024-11-03 15:59:25.838,-2.0707834
2024-11-03 15:59:25.848,-1.9521176
2024-11-03 15:59:25.857,-1.3502678
2024-11-03 15:59:25.868,-0.38420123
2024-11-03 15:59:25.878,0.5269343
2024-11-03 15:59:25.888,0.5600303
2024-11-03 15:59:25.897,0.19332191
2024-11-03 15:59:25.908,-0.35605073
2024-11-03 15:59:25.918,-0.8135518
2024-11-03 15:59:25.928,-0.89364153
2024-11-03 15:59:25.937,-1.0157434
2024-11-03 15:59:25.949,-1.3669186
2024-11-03 15:59:25.957,-2.2513254
2024-11-03 15:59:25.970,-3.3828886
2024-11-03 15:59:25.977,-4.9070683
2024-11-03 15:59:25.988,-7.4358845
2024-11-03 15:59:25.998,-6.700221
2024-11-03 15:59:26.008,-10.028205
2024-11-03 15:59:26.018,-16.168484
2024-11-03 15:59:26.028,-11.865301
2024-11-03 15:59:26.038,-10.531903
2024-11-03 15:59:26.048,-0.35930726
2024-11-03 15:59:26.058,9.013443
2024-11-03 15:59:26.069,8.526701
2024-11-03 15:59:26.078,11.245986
2024-11-03 15:59:26.088,15.217359
2024-11-03 15:59:26.098,27.9836
2024-11-03 15:59:26.143,13.699467
2024-11-03 15:59:26.143,8.311663
2024-11-03 15:59:26.157,5.3118234
2024-11-03 15:59:26.157,9.1960745
2024-11-03 15:59:26.159,10.371935
2024-11-03 15:59:26.159,7.0399947
2024-11-03 15:59:26.168,6.185437
2024-11-03 15:59:26.228,5.62527
2024-11-03 15:59:26.229,3.068141
2024-11-03 15:59:26.229,1.771378
2024-11-03 15:59:26.229,-3.3900406
2024-11-03 15:59:26.230,-4.69976
2024-11-03 15:59:26.230,-6.5503693
2024-11-03 15:59:26.278,-6.626377
2024-11-03 15:59:26.278,-6.6241956
2024-11-03 15:59:26.278,-7.0096335
2024-11-03 15:59:26.278,-6.6139965
2024-11-03 15:59:26.284,-5.5723343
2024-11-03 15:59:26.292,-3.9313078
2024-11-03 15:59:26.298,-0.6149203
2024-11-03 15:59:26.308,-1.6012164
2024-11-03 15:59:26.319,-3.181181
2024-11-03 15:59:26.328,-3.1600773
2024-11-03 15:59:26.340,-1.4559306
2024-11-03 15:59:26.353,-0.8353438
2024-11-03 15:59:26.360,-0.28103128
2024-11-03 15:59:26.370,-0.1852433
2024-11-03 15:59:26.378,-0.42385125
2024-11-03 15:59:26.388,-0.66207445
2024-11-03 15:59:26.398,-1.230719
2024-11-03 15:59:26.408,-1.5790367
2024-11-03 15:59:26.419,-0.8208202
2024-11-03 15:59:26.429,0.032699686
2024-11-03 15:59:26.438,0.43564978
2024-11-03 15:59:26.453,0.43347636
2024-11-03 15:59:26.458,0.040686104
2024-11-03 15:59:26.470,-0.4559222
2024-11-03 15:59:26.479,-1.1397071
2024-11-03 15:59:26.488,-1.7021009
2024-11-03 15:59:26.498,-2.3684714
2024-11-03 15:59:26.508,-3.4338982
2024-11-03 15:59:26.519,-4.4684215
2024-11-03 15:59:26.529,-5.095851
2024-11-03 15:59:26.538,-5.469864
2024-11-03 15:59:26.550,-4.4628325
2024-11-03 15:59:26.558,-15.732782
2024-11-03 15:59:26.569,-11.714322
2024-11-03 15:59:26.579,-13.895795
2024-11-03 15:59:26.590,-7.9619646
2024-11-03 15:59:26.603,1.3765424
2024-11-03 15:59:26.611,7.1679688
2024-11-03 15:59:26.620,7.453369
2024-11-03 15:59:26.629,11.539761
2024-11-03 15:59:26.639,17.557795
2024-11-03 15:59:26.651,36.772346
2024-11-03 15:59:26.659,5.832183
2024-11-03 15:59:26.670,4.2962356
2024-11-03 15:59:26.679,7.395598
2024-11-03 15:59:26.689,10.317993
2024-11-03 15:59:26.704,10.552732
2024-11-03 15:59:26.711,7.432443
2024-11-03 15:59:26.733,6.526077
2024-11-03 15:59:26.733,5.423031
2024-11-03 15:59:26.744,2.2794578
2024-11-03 15:59:26.752,0.89721334
2024-11-03 15:59:26.759,-3.4093473
2024-11-03 15:59:26.771,-5.23546
2024-11-03 15:59:26.779,-7.104617
2024-11-03 15:59:26.789,-7.5441875
2024-11-03 15:59:26.799,-7.689236
2024-11-03 15:59:26.810,-6.2635746
2024-11-03 15:59:26.819,-4.9402795
2024-11-03 15:59:26.834,-3.1961837
2024-11-03 15:59:26.840,-0.0736811
2024-11-03 15:59:26.849,-2.3754315
2024-11-03 15:59:26.863,-2.2685645
2024-11-03 15:59:26.870,-3.1456325
2024-11-03 15:59:26.881,-2.1012712
2024-11-03 15:59:26.891,-1.3260353
2024-11-03 15:59:26.900,-0.6956307
2024-11-03 15:59:26.911,0.27602386
2024-11-03 15:59:26.921,0.79693407
2024-11-03 15:59:26.934,0.24456489
2024-11-03 15:59:26.941,-0.53750426
2024-11-03 15:59:26.950,-0.8181847
2024-11-03 15:59:26.961,-0.7163691
2024-11-03 15:59:26.970,-0.3683032
2024-11-03 15:59:26.981,0.10159247
2024-11-03 15:59:26.991,0.3421971
2024-11-03 15:59:27.000,0.2562392
2024-11-03 15:59:27.011,-0.26564524
2024-11-03 15:59:27.020,-1.2706767
2024-11-03 15:59:27.030,-2.3147955
2024-11-03 15:59:27.041,-3.9934328
2024-11-03 15:59:27.050,-5.356873
2024-11-03 15:59:27.061,-5.3604584
2024-11-03 15:59:27.072,-6.624136
2024-11-03 15:59:27.081,-7.263635
2024-11-03 15:59:27.093,-2.4030232
2024-11-03 15:59:27.101,-15.413895
2024-11-03 15:59:27.111,-11.798502
2024-11-03 15:59:27.121,-12.168679
2024-11-03 15:59:27.132,-8.100927
2024-11-03 15:59:27.142,0.7696322
2024-11-03 15:59:27.151,6.1845407
2024-11-03 15:59:27.161,6.4498935
2024-11-03 15:59:27.171,10.469183
2024-11-03 15:59:27.194,15.463491
2024-11-03 15:59:27.195,45.703175
2024-11-03 15:59:27.200,11.368584
2024-11-03 15:59:27.210,4.6111445
2024-11-03 15:59:27.220,7.705555
2024-11-03 15:59:27.232,10.524286
2024-11-03 15:59:27.240,11.115616
2024-11-03 15:59:27.253,6.579449
2024-11-03 15:59:27.260,5.5695543
2024-11-03 15:59:27.270,5.303723
2024-11-03 15:59:27.280,2.6275425
2024-11-03 15:59:27.291,2.2580314
2024-11-03 15:59:27.301,-2.5753605
2024-11-03 15:59:27.310,-5.327703
2024-11-03 15:59:27.320,-7.3947287
2024-11-03 15:59:27.331,-7.7881002
2024-11-03 15:59:27.341,-8.247817
2024-11-03 15:59:27.350,-6.820518
2024-11-03 15:59:27.361,-5.2898684
2024-11-03 15:59:27.371,-3.0826747
2024-11-03 15:59:27.381,0.5799737
2024-11-03 15:59:27.392,-1.9529854
2024-11-03 15:59:27.401,-2.3333545
2024-11-03 15:59:27.413,-2.9481866
2024-11-03 15:59:27.421,-2.768415
2024-11-03 15:59:27.431,-1.4546988
2024-11-03 15:59:27.441,-0.25086522
2024-11-03 15:59:27.451,0.39076263
2024-11-03 15:59:27.461,0.68918693
2024-11-03 15:59:27.471,0.39931872
2024-11-03 15:59:27.482,-0.41345873
2024-11-03 15:59:27.492,-1.1674612
2024-11-03 15:59:27.502,-1.3493034
2024-11-03 15:59:27.512,-1.0430907
2024-11-03 15:59:27.522,-0.38603404
2024-11-03 15:59:27.532,0.18945773
2024-11-03 15:59:27.542,0.058851957
2024-11-03 15:59:27.553,-0.79663634
2024-11-03 15:59:27.562,-1.8982126
2024-11-03 15:59:27.574,-3.162731
2024-11-03 15:59:27.583,-4.513579
2024-11-03 15:59:27.592,-5.6171985
2024-11-03 15:59:27.602,-6.4284563
2024-11-03 15:59:27.612,-4.508577
2024-11-03 15:59:27.622,-7.7978897
2024-11-03 15:59:27.632,-16.82784
2024-11-03 15:59:27.642,-8.802644
2024-11-03 15:59:27.652,-10.473308
2024-11-03 15:59:27.662,-3.4637213
2024-11-03 15:59:27.673,3.852268
2024-11-03 15:59:27.683,4.419767
2024-11-03 15:59:27.693,8.960804
2024-11-03 15:59:27.703,12.387547
2024-11-03 15:59:27.713,16.536484
2024-11-03 15:59:27.722,32.235233
2024-11-03 15:59:27.734,4.9552984
2024-11-03 15:59:27.742,4.340609
2024-11-03 15:59:27.752,8.214981
2024-11-03 15:59:27.762,10.831677
2024-11-03 15:59:27.772,8.827775
2024-11-03 15:59:27.782,7.1408057
2024-11-03 15:59:27.792,6.273578
2024-11-03 15:59:27.802,4.8450236
2024-11-03 15:59:27.813,2.9950247
2024-11-03 15:59:27.822,-0.8665487
2024-11-03 15:59:27.832,-2.7823203
2024-11-03 15:59:27.842,-4.646516
2024-11-03 15:59:27.852,-6.7631435
2024-11-03 15:59:27.863,-6.7528734
2024-11-03 15:59:27.873,-8.080049
2024-11-03 15:59:27.882,-8.440476
2024-11-03 15:59:27.898,-6.947251
2024-11-03 15:59:27.903,-5.362317
2024-11-03 15:59:27.913,-2.6641085
2024-11-03 15:59:27.923,0.32133237
2024-11-03 15:59:27.934,-1.8892467
2024-11-03 15:59:27.944,-3.2429502
2024-11-03 15:59:27.953,-2.1968176
2024-11-03 15:59:27.963,-1.4705052
2024-11-03 15:59:27.973,-0.64852303
2024-11-03 15:59:27.984,0.1665713
2024-11-03 15:59:27.993,0.3872814
2024-11-03 15:59:28.003,0.35766542
2024-11-03 15:59:28.013,-0.081425145
2024-11-03 15:59:28.023,-0.93239427
2024-11-03 15:59:28.034,-1.237696
2024-11-03 15:59:28.044,-1.0039339
2024-11-03 15:59:28.055,-0.49074653
2024-11-03 15:59:28.063,-0.16597249
2024-11-03 15:59:28.073,-0.112030454
2024-11-03 15:59:28.083,-0.20777772
2024-11-03 15:59:28.094,-0.8708814
2024-11-03 15:59:28.104,-1.6757293
2024-11-03 15:59:28.113,-2.2895885
2024-11-03 15:59:28.124,-3.3457654
2024-11-03 15:59:28.134,-4.348033
2024-11-03 15:59:28.144,-5.444033
2024-11-03 15:59:28.153,-6.284904
2024-11-03 15:59:28.163,-3.6555095
2024-11-03 15:59:28.174,-9.319434
2024-11-03 15:59:28.184,-17.128338
2024-11-03 15:59:28.195,-12.157505
2024-11-03 15:59:28.204,-11.009839
2024-11-03 15:59:28.216,-2.1307297
2024-11-03 15:59:28.237,7.4931498
2024-11-03 15:59:28.237,7.2554007
2024-11-03 15:59:28.243,11.171001
2024-11-03 15:59:28.253,14.20296
2024-11-03 15:59:28.264,28.23845
2024-11-03 15:59:28.273,14.020867
2024-11-03 15:59:28.285,8.03095
2024-11-03 15:59:28.294,4.1699133
2024-11-03 15:59:28.303,7.073919
2024-11-03 15:59:28.313,10.733931
2024-11-03 15:59:28.324,7.7115073
2024-11-03 15:59:28.334,6.474308
2024-11-03 15:59:28.343,6.3916483
2024-11-03 15:59:28.354,4.5900636
2024-11-03 15:59:28.363,3.6504824
2024-11-03 15:59:28.375,-2.2521284
2024-11-03 15:59:28.383,-4.708846
2024-11-03 15:59:28.395,-5.9450645
2024-11-03 15:59:28.404,-7.2327857
2024-11-03 15:59:28.415,-7.933783
2024-11-03 15:59:28.424,-6.967038
2024-11-03 15:59:28.434,-5.4225216
2024-11-03 15:59:28.445,-4.394959
2024-11-03 15:59:28.454,-2.0662467
2024-11-03 15:59:28.464,-1.2643218
2024-11-03 15:59:28.474,-3.0643542
2024-11-03 15:59:28.485,-2.8020191
2024-11-03 15:59:28.495,-2.3376768
2024-11-03 15:59:28.504,-0.95328325
2024-11-03 15:59:28.516,0.638723
2024-11-03 15:59:28.525,0.99908745
2024-11-03 15:59:28.537,0.8372943
2024-11-03 15:59:28.545,0.12129217
2024-11-03 15:59:28.555,-0.42825887
2024-11-03 15:59:28.565,-1.3072134
2024-11-03 15:59:28.575,-1.5480773
2024-11-03 15:59:28.585,-1.1874084
2024-11-03 15:59:28.595,-0.7080876
2024-11-03 15:59:28.605,-0.10152897
2024-11-03 15:59:28.615,-0.21845756
2024-11-03 15:59:28.625,-0.6678736
2024-11-03 15:59:28.635,-1.2062851
2024-11-03 15:59:28.645,-1.8301119
2024-11-03 15:59:28.655,-2.9237626
2024-11-03 15:59:28.665,-4.0476913
2024-11-03 15:59:28.676,-4.0496345
2024-11-03 15:59:28.685,-5.1904473
2024-11-03 15:59:28.697,-6.964974
2024-11-03 15:59:28.705,-9.459836
2024-11-03 15:59:28.715,-3.132983
2024-11-03 15:59:28.725,-6.1850376
2024-11-03 15:59:28.735,-19.09834
2024-11-03 15:59:28.745,-9.4931345
2024-11-03 15:59:28.756,-9.145489
2024-11-03 15:59:28.765,1.2463615
2024-11-03 15:59:28.775,8.195737
2024-11-03 15:59:28.786,5.689469
2024-11-03 15:59:28.795,11.591327
2024-11-03 15:59:28.805,15.600946
2024-11-03 15:59:28.815,38.463875
2024-11-03 15:59:28.825,12.152099
2024-11-03 15:59:28.836,5.081346
2024-11-03 15:59:28.844,5.8431377
2024-11-03 15:59:28.857,8.917309
2024-11-03 15:59:28.865,10.184153
2024-11-03 15:59:28.875,6.834578
2024-11-03 15:59:28.885,6.1830926
2024-11-03 15:59:28.895,6.043827
2024-11-03 15:59:28.905,3.9455416
2024-11-03 15:59:28.915,3.7351925
2024-11-03 15:59:28.925,-1.8476288
2024-11-03 15:59:28.935,-4.4684186
2024-11-03 15:59:28.945,-7.3530045
2024-11-03 15:59:28.955,-8.115323
2024-11-03 15:59:28.965,-8.5804205
2024-11-03 15:59:28.975,-7.0919685
2024-11-03 15:59:28.985,-5.0893803
2024-11-03 15:59:28.996,-2.5305908
2024-11-03 15:59:29.005,-0.14717023
2024-11-03 15:59:29.016,-3.1865215
2024-11-03 15:59:29.025,-3.492578
2024-11-03 15:59:29.035,-3.092754
2024-11-03 15:59:29.045,-2.4049425
2024-11-03 15:59:29.056,-2.1450906
2024-11-03 15:59:29.065,-1.1054021
2024-11-03 15:59:29.075,-0.027924195
2024-11-03 15:59:29.086,0.25434116
2024-11-03 15:59:29.096,0.019826805
2024-11-03 15:59:29.105,-0.5315844
2024-11-03 15:59:29.116,-1.35201
2024-11-03 15:59:29.126,-1.3546058
2024-11-03 15:59:29.138,-1.0870397
2024-11-03 15:59:29.146,-0.47755128
2024-11-03 15:59:29.157,-0.06951242
2024-11-03 15:59:29.166,-0.087130114
2024-11-03 15:59:29.179,-0.19693124
2024-11-03 15:59:29.186,-1.0246806
2024-11-03 15:59:29.197,-1.9917936
2024-11-03 15:59:29.206,-2.9145427
2024-11-03 15:59:29.216,-3.925663
2024-11-03 15:59:29.226,-4.487307
2024-11-03 15:59:29.237,-4.143726
2024-11-03 15:59:29.246,-2.5794833
2024-11-03 15:59:29.256,-11.480213
2024-11-03 15:59:29.266,-11.751388
2024-11-03 15:59:29.276,-12.684486
2024-11-03 15:59:29.287,-9.680663
2024-11-03 15:59:29.297,-4.8859143
2024-11-03 15:59:29.307,3.8497834
2024-11-03 15:59:29.318,5.924341
2024-11-03 15:59:29.326,9.897551
2024-11-03 15:59:29.338,12.601172
2024-11-03 15:59:29.347,15.877317
2024-11-03 15:59:29.356,35.20881
2024-11-03 15:59:29.366,6.508666
2024-11-03 15:59:29.376,4.929301
2024-11-03 15:59:29.387,8.84852
2024-11-03 15:59:29.397,10.861132
2024-11-03 15:59:29.406,9.307808
2024-11-03 15:59:29.417,7.330787
2024-11-03 15:59:29.426,6.5175595
2024-11-03 15:59:29.436,4.4946866
2024-11-03 15:59:29.446,4.525196
2024-11-03 15:59:29.456,3.3694804
2024-11-03 15:59:29.466,0.10357268
2024-11-03 15:59:29.477,-2.9011104
2024-11-03 15:59:29.486,-5.3254104
2024-11-03 15:59:29.499,-6.594047
2024-11-03 15:59:29.506,-7.4884734
2024-11-03 15:59:29.516,-7.3504257
2024-11-03 15:59:29.527,-5.8207874
2024-11-03 15:59:29.538,-4.2755637
2024-11-03 15:59:29.546,0.213728
2024-11-03 15:59:29.557,-2.6719086
2024-11-03 15:59:29.567,-4.185524
2024-11-03 15:59:29.577,-3.7567873
2024-11-03 15:59:29.587,-2.8835454
2024-11-03 15:59:29.597,-1.7484599
2024-11-03 15:59:29.607,-0.9947843
2024-11-03 15:59:29.617,0.0400659
2024-11-03 15:59:29.627,0.5292593
2024-11-03 15:59:29.638,0.1714692
2024-11-03 15:59:29.648,-0.62965846
2024-11-03 15:59:29.659,-1.4327837
2024-11-03 15:59:29.667,-1.6037014
2024-11-03 15:59:29.677,-1.2760835
2024-11-03 15:59:29.688,-0.6973097
2024-11-03 15:59:29.698,0.009785485
2024-11-03 15:59:29.708,-0.1262658
2024-11-03 15:59:29.717,-0.3504819
2024-11-03 15:59:29.727,-0.7121459
2024-11-03 15:59:29.738,-1.5004635
2024-11-03 15:59:29.747,-2.4567518
2024-11-03 15:59:29.757,-3.5077765
2024-11-03 15:59:29.768,-5.0711384
2024-11-03 15:59:29.777,-7.414212
2024-11-03 15:59:29.788,-10.119204
2024-11-03 15:59:29.799,-4.775535
2024-11-03 15:59:29.807,1.3327687
2024-11-03 15:59:29.820,-22.121449
2024-11-03 15:59:29.827,-7.1700387
2024-11-03 15:59:29.838,-9.794407
2024-11-03 15:59:29.848,-0.7627079
2024-11-03 15:59:29.858,7.935069
2024-11-03 15:59:29.868,4.7934055
2024-11-03 15:59:29.877,9.891633
2024-11-03 15:59:29.887,12.16147
2024-11-03 15:59:29.897,16.80554
2024-11-03 15:59:29.909,22.773853
2024-11-03 15:59:29.917,5.546021
2024-11-03 15:59:29.927,4.4637775
2024-11-03 15:59:29.937,8.3315325
2024-11-03 15:59:29.947,11.94204
2024-11-03 15:59:29.959,8.049415
2024-11-03 15:59:29.967,6.5684276
2024-11-03 15:59:29.979,5.6228228
2024-11-03 15:59:29.988,3.8415694
2024-11-03 15:59:29.998,3.37408
2024-11-03 15:59:30.007,-2.2389722
2024-11-03 15:59:30.017,-3.8361971
2024-11-03 15:59:30.028,-5.8662953
2024-11-03 15:59:30.038,-6.468435
2024-11-03 15:59:30.047,-7.3964953
2024-11-03 15:59:30.058,-6.977739
2024-11-03 15:59:30.067,-5.6548967
2024-11-03 15:59:30.077,-4.2057915
2024-11-03 15:59:30.088,-1.5902834
2024-11-03 15:59:30.099,-0.8850648
2024-11-03 15:59:30.108,-2.5333643
2024-11-03 15:59:30.118,-4.007473
2024-11-03 15:59:30.128,-2.7099786
2024-11-03 15:59:30.142,-1.9999485
2024-11-03 15:59:30.148,-1.1116501
2024-11-03 15:59:30.158,0.48073164
2024-11-03 15:59:30.168,1.0213233
2024-11-03 15:59:30.178,0.6714471
2024-11-03 15:59:30.188,-0.11095951
2024-11-03 15:59:30.198,-0.98284227
2024-11-03 15:59:30.208,-1.3288496
2024-11-03 15:59:30.218,-1.2393141
2024-11-03 15:59:30.228,-0.55135256
2024-11-03 15:59:30.238,0.09570778
2024-11-03 15:59:30.248,0.09702288
2024-11-03 15:59:30.259,0.30409822
2024-11-03 15:59:30.269,-0.12159308
2024-11-03 15:59:30.280,-0.82495606
2024-11-03 15:59:30.289,-1.7680905
2024-11-03 15:59:30.301,-2.9248118
2024-11-03 15:59:30.309,-4.145906
2024-11-03 15:59:30.319,-5.3164268
2024-11-03 15:59:30.329,-6.8906493
2024-11-03 15:59:30.340,-8.856033
2024-11-03 15:59:30.349,-5.490569
2024-11-03 15:59:30.359,1.9212211
2024-11-03 15:59:30.369,-21.362854
2024-11-03 15:59:30.380,-9.134645
2024-11-03 15:59:30.389,-10.785418
2024-11-03 15:59:30.399,-2.997036
2024-11-03 15:59:30.409,5.2515254
2024-11-03 15:59:30.420,7.638804
2024-11-03 15:59:30.430,10.599999
2024-11-03 15:59:30.442,13.51296
2024-11-03 15:59:30.449,23.380974
2024-11-03 15:59:30.465,18.16814
2024-11-03 15:59:30.468,7.992946
2024-11-03 15:59:30.479,4.00964
2024-11-03 15:59:30.490,7.125655
2024-11-03 15:59:30.500,10.566771
2024-11-03 15:59:30.509,7.394849
2024-11-03 15:59:30.519,6.3279185
2024-11-03 15:59:30.529,6.1182346
2024-11-03 15:59:30.540,4.9777713
2024-11-03 15:59:30.549,4.812697
2024-11-03 15:59:30.559,-0.65243423
2024-11-03 15:59:30.569,-2.9061782
2024-11-03 15:59:30.579,-7.101743
2024-11-03 15:59:30.589,-7.0622234
2024-11-03 15:59:30.601,-8.473065
2024-11-03 15:59:30.609,-7.429848
2024-11-03 15:59:30.621,-5.4006276
2024-11-03 15:59:30.629,-1.7366657
2024-11-03 15:59:30.641,-1.3138778
2024-11-03 15:59:30.649,-3.1243885
2024-11-03 15:59:30.659,-3.600319
2024-11-03 15:59:30.672,-3.288978
2024-11-03 15:59:30.679,-2.969762
2024-11-03 15:59:30.690,-2.705541
2024-11-03 15:59:30.700,-2.3709888
2024-11-03 15:59:30.710,-1.0625616
2024-11-03 15:59:30.720,0.44407716
2024-11-03 15:59:30.730,0.5065987
2024-11-03 15:59:30.740,0.097530395
2024-11-03 15:59:30.750,-0.29710037
2024-11-03 15:59:30.761,-0.90484357
2024-11-03 15:59:30.770,-1.1615095
2024-11-03 15:59:30.782,-1.009085
2024-11-03 15:59:30.790,-0.6003805
2024-11-03 15:59:30.801,-0.24948938
2024-11-03 15:59:30.810,-0.42925948
2024-11-03 15:59:30.820,-1.1359094
2024-11-03 15:59:30.830,-2.289087
2024-11-03 15:59:30.841,-3.472504
2024-11-03 15:59:30.850,-4.8027124
2024-11-03 15:59:30.860,-6.991067
2024-11-03 15:59:30.871,-8.546463
2024-11-03 15:59:30.881,-2.6639335
2024-11-03 15:59:30.891,-7.330107
2024-11-03 15:59:30.901,-18.330242
2024-11-03 15:59:30.911,-8.31037
2024-11-03 15:59:30.921,-8.203895
2024-11-03 15:59:30.931,0.063763626
2024-11-03 15:59:30.943,8.12001
2024-11-03 15:59:30.951,5.389579
2024-11-03 15:59:30.961,10.00115
2024-11-03 15:59:30.971,12.6452265
2024-11-03 15:59:30.980,17.04196
2024-11-03 15:59:30.991,27.988968
2024-11-03 15:59:31.001,4.169128
2024-11-03 15:59:31.010,6.1795993
2024-11-03 15:59:31.021,9.267977
2024-11-03 15:59:31.030,10.172584
2024-11-03 15:59:31.040,7.387642
2024-11-03 15:59:31.050,5.864496
2024-11-03 15:59:31.060,5.869089
2024-11-03 15:59:31.070,5.1104374
2024-11-03 15:59:31.081,3.4308617
2024-11-03 15:59:31.091,2.8334632
2024-11-03 15:59:31.103,-1.54931
2024-11-03 15:59:31.111,-2.8306913
2024-11-03 15:59:31.121,-5.6956496
2024-11-03 15:59:31.131,-6.3509555
2024-11-03 15:59:31.142,-7.334625
2024-11-03 15:59:31.151,-6.4505777
2024-11-03 15:59:31.160,-5.0936785
2024-11-03 15:59:31.172,-3.823196
2024-11-03 15:59:31.181,0.8467797
2024-11-03 15:59:31.192,-1.8716959
2024-11-03 15:59:31.201,-3.058634
2024-11-03 15:59:31.211,-3.0046692
2024-11-03 15:59:31.221,-2.1262543
2024-11-03 15:59:31.232,-1.6470819
2024-11-03 15:59:31.243,-1.3721466
2024-11-03 15:59:31.251,-0.73353696
2024-11-03 15:59:31.263,0.32039672
2024-11-03 15:59:31.271,-0.3097833
2024-11-03 15:59:31.281,-0.8463037
2024-11-03 15:59:31.292,-1.1984721
2024-11-03 15:59:31.302,-1.842714
2024-11-03 15:59:31.312,-2.0448437
2024-11-03 15:59:31.321,-1.8176951
2024-11-03 15:59:31.331,-1.5751044
2024-11-03 15:59:31.341,-1.1495495
2024-11-03 15:59:31.351,-1.0148228
2024-11-03 15:59:31.361,-1.3167609
2024-11-03 15:59:31.371,-2.3331952
2024-11-03 15:59:31.381,-3.126579
2024-11-03 15:59:31.392,-4.4752197
2024-11-03 15:59:31.404,-6.6732736
2024-11-03 15:59:31.412,-7.6056747
2024-11-03 15:59:31.424,0.17933111
2024-11-03 15:59:31.432,-2.5191145
2024-11-03 15:59:31.443,-17.554455
2024-11-03 15:59:31.452,-8.076049
2024-11-03 15:59:31.462,-11.749355
2024-11-03 15:59:31.472,-2.9066837
2024-11-03 15:59:31.482,4.213575
2024-11-03 15:59:31.493,5.744536
2024-11-03 15:59:31.502,10.596151
2024-11-03 15:59:31.521,12.850051
2024-11-03 15:59:31.522,14.855487
2024-11-03 15:59:31.531,32.381172
2024-11-03 15:59:31.558,8.243012
2024-11-03 15:59:31.639,4.5223093
2024-11-03 15:59:31.639,8.213226
2024-11-03 15:59:31.639,10.612674
2024-11-03 15:59:31.639,9.183155
2024-11-03 15:59:31.640,7.3966813
2024-11-03 15:59:31.640,5.987077
2024-11-03 15:59:31.640,4.081917
2024-11-03 15:59:31.640,2.7258744
2024-11-03 15:59:31.640,1.1048876
2024-11-03 15:59:31.678,-1.6155196
2024-11-03 15:59:31.678,-4.379475
2024-11-03 15:59:31.678,-7.006569
2024-11-03 15:59:31.678,-7.174765
2024-11-03 15:59:31.682,-7.9785233
2024-11-03 15:59:31.694,-6.0225525
2024-11-03 15:59:31.702,-4.6295347
2024-11-03 15:59:31.712,-1.5933871
2024-11-03 15:59:31.724,-1.00536
2024-11-03 15:59:31.732,-4.324368
2024-11-03 15:59:31.747,-4.7200646
2024-11-03 15:59:31.752,-3.4353786
2024-11-03 15:59:31.763,-1.7876585
2024-11-03 15:59:31.772,-0.59834903
2024-11-03 15:59:31.782,0.23629238
2024-11-03 15:59:31.797,0.54989004
2024-11-03 15:59:31.803,0.11025103
2024-11-03 15:59:31.812,-0.46585792
2024-11-03 15:59:31.822,-1.0139892
2024-11-03 15:59:31.833,-1.3645666
2024-11-03 15:59:31.844,-1.172552
2024-11-03 15:59:31.853,-0.7557137
2024-11-03 15:59:31.862,-0.11991192
2024-11-03 15:59:31.873,-0.12082029
2024-11-03 15:59:31.883,0.15125836
2024-11-03 15:59:31.893,0.11604163
2024-11-03 15:59:31.904,-0.51240146
2024-11-03 15:59:31.913,-1.4982214
2024-11-03 15:59:31.922,-2.4292946
2024-11-03 15:59:31.932,-3.562953
2024-11-03 15:59:31.944,-5.1964703
2024-11-03 15:59:31.953,-6.9536896
2024-11-03 15:59:31.963,-7.4577284
2024-11-03 15:59:31.973,-3.2836292
2024-11-03 15:59:31.983,-14.423971
2024-11-03 15:59:31.995,-16.17184
2024-11-03 15:59:32.007,-10.269909
2024-11-03 15:59:32.013,-6.479878
2024-11-03 15:59:32.024,2.2916896
2024-11-03 15:59:32.034,7.5090976
2024-11-03 15:59:32.046,8.394016
2024-11-03 15:59:32.053,12.600039
2024-11-03 15:59:32.065,16.18615
2024-11-03 15:59:32.079,38.287136
2024-11-03 15:59:32.083,10.5538845
2024-11-03 15:59:32.096,4.9043903
2024-11-03 15:59:32.104,8.085887
2024-11-03 15:59:32.113,9.850735
2024-11-03 15:59:32.128,9.453308
2024-11-03 15:59:32.133,6.675062
2024-11-03 15:59:32.145,5.3413925
2024-11-03 15:59:32.177,3.9611764
2024-11-03 15:59:32.177,2.0699942
2024-11-03 15:59:32.197,1.9911385
2024-11-03 15:59:32.198,-1.9196631
2024-11-03 15:59:32.198,-3.644574
2024-11-03 15:59:32.210,-6.060418
2024-11-03 15:59:32.213,-6.295691
2024-11-03 15:59:32.225,-7.2492113
2024-11-03 15:59:32.233,-7.004213
2024-11-03 15:59:32.244,-5.7653975
2024-11-03 15:59:32.253,-4.1218014
2024-11-03 15:59:32.264,-1.3584801
2024-11-03 15:59:32.274,-1.1647533
